"name","handedness","height","weight","avg","HR","avg_cat","weight_cat","batting"
"Denny Lemaster","R",73,182,0.13,4,".126 - .150","Medium (> 170, < 200)","Right"
"Joe Nolan","L",71,175,0.263,27,".251 - .275","Medium (> 170, < 200)","Left"
"Denny Doyle","L",69,175,0.25,16,".226 - .250","Medium (> 170, < 200)","Left"
"Jose Cardenal","R",70,150,0.275,138,".251 - .275","Light (< 170)","Right"
"Mike Ryan","R",74,205,0.193,28,".176 - .200","Heavy (> 200)","Right"
"Fritz Peterson","B",72,185,0.159,2,".151 - .175","Medium (> 170, < 200)","Switch"
"Dick Bertell","R",72,200,0.25,10,".226 - .250","Heavy (> 200)","Right"
"Rod Kanehl","R",73,180,0.241,6,".226 - .250","Medium (> 170, < 200)","Right"
"Juan Bonilla","R",69,170,0.256,7,".251 - .275","Medium (> 170, < 200)","Right"
"Frank Tepedino","L",71,185,0.241,6,".226 - .250","Medium (> 170, < 200)","Left"
"Rick Wise","R",73,180,0.195,15,".176 - .200","Medium (> 170, < 200)","Right"
"Darrell Evans","L",74,200,0.248,414,".226 - .250","Heavy (> 200)","Left"
"Buck Martinez","R",70,190,0.225,58,".201 - .225","Medium (> 170, < 200)","Right"
"John Wockenfuss","R",72,190,0.262,86,".251 - .275","Medium (> 170, < 200)","Right"
"Tommy McCraw","L",72,183,0.246,75,".226 - .250","Medium (> 170, < 200)","Left"
"Lee Lacy","R",73,175,0.286,91,".276 - .300","Medium (> 170, < 200)","Right"
"Pete Rose","B",71,192,0.303,160,".301 - .325","Medium (> 170, < 200)","Switch"
"Danny Walton","R",72,195,0.223,28,".201 - .225","Medium (> 170, < 200)","Right"
"Bobby Cox","R",71,180,0.225,9,".201 - .225","Medium (> 170, < 200)","Right"
"Brad Wellman","R",72,170,0.231,6,".226 - .250","Medium (> 170, < 200)","Right"
"Jeff Newman","R",74,215,0.224,63,".201 - .225","Heavy (> 200)","Right"
"Pedro Gonzalez","R",72,176,0.244,8,".226 - .250","Medium (> 170, < 200)","Right"
"Tommie Reynolds","R",74,190,0.226,12,".226 - .250","Medium (> 170, < 200)","Right"
"Gene Clines","R",69,170,0.277,5,".276 - .300","Medium (> 170, < 200)","Right"
"Jim Hickman","R",75,192,0.252,159,".251 - .275","Medium (> 170, < 200)","Right"
"Jerry Buchek","R",71,185,0.22,22,".201 - .225","Medium (> 170, < 200)","Right"
"Ivan DeJesus","R",71,175,0.254,21,".251 - .275","Medium (> 170, < 200)","Right"
"Gary Nolan","R",74,197,0.138,1,".126 - .150","Medium (> 170, < 200)","Right"
"Fred Whitfield","L",73,190,0.253,108,".251 - .275","Medium (> 170, < 200)","Left"
"Larry Dierker","R",76,215,0.136,4,".126 - .150","Heavy (> 200)","Right"
"Dave Skaggs","R",74,200,0.241,3,".226 - .250","Heavy (> 200)","Right"
"Dick Ruthven","R",75,190,0.183,1,".176 - .200","Medium (> 170, < 200)","Right"
"Dave Kingman","R",78,210,0.236,442,".226 - .250","Heavy (> 200)","Right"
"Eric Soderholm","R",71,187,0.264,102,".251 - .275","Medium (> 170, < 200)","Right"
"Ed Brinkman","R",72,170,0.224,60,".201 - .225","Medium (> 170, < 200)","Right"
"Wayne Garrett","L",71,175,0.239,61,".226 - .250","Medium (> 170, < 200)","Left"
"Tony Muser","L",74,180,0.259,7,".251 - .275","Medium (> 170, < 200)","Left"
"Ted Ford","R",70,180,0.219,17,".201 - .225","Medium (> 170, < 200)","Right"
"Jim Lyttle","L",72,180,0.248,9,".226 - .250","Medium (> 170, < 200)","Left"
"Scot Thompson","L",75,195,0.262,5,".251 - .275","Medium (> 170, < 200)","Left"
"Gene Locklear","L",70,165,0.274,9,".251 - .275","Light (< 170)","Left"
"Bo Diaz","R",71,185,0.255,87,".251 - .275","Medium (> 170, < 200)","Right"
"Bump Wills","B",69,172,0.266,36,".251 - .275","Medium (> 170, < 200)","Switch"
"Pat Putnam","L",72,205,0.255,63,".251 - .275","Heavy (> 200)","Left"
"Kurt Bevacqua","R",72,180,0.236,27,".226 - .250","Medium (> 170, < 200)","Right"
"Syd O'Brien","R",73,185,0.23,24,".226 - .250","Medium (> 170, < 200)","Right"
"Chris Chambliss","L",73,195,0.279,185,".276 - .300","Medium (> 170, < 200)","Left"
"Tom Satriano","L",73,185,0.225,21,".201 - .225","Medium (> 170, < 200)","Left"
"Jeffrey Leonard","R",74,200,0.266,144,".251 - .275","Heavy (> 200)","Right"
"Dal Maxvill","R",71,157,0.217,6,".201 - .225","Light (< 170)","Right"
"Cesar Tovar","R",69,155,0.278,46,".276 - .300","Light (< 170)","Right"
"Jack Heidemann","R",72,175,0.211,9,".201 - .225","Medium (> 170, < 200)","Right"
"Rich Rollins","R",70,185,0.269,77,".251 - .275","Medium (> 170, < 200)","Right"
"Walt Bond","L",79,228,0.256,41,".251 - .275","Heavy (> 200)","Left"
"Merv Rettenmund","R",70,190,0.271,66,".251 - .275","Medium (> 170, < 200)","Right"
"Byron Browne","R",74,190,0.236,30,".226 - .250","Medium (> 170, < 200)","Right"
"Hector Torres","R",72,175,0.216,18,".201 - .225","Medium (> 170, < 200)","Right"
"Walt Williams","R",66,165,0.27,33,".251 - .275","Light (< 170)","Right"
"Jerry Koosman","R",74,205,0.119,2,".100 - .125","Heavy (> 200)","Right"
"Steve Lombardozzi","R",72,175,0.233,20,".226 - .250","Medium (> 170, < 200)","Right"
"Joe Azcue","R",72,190,0.252,50,".251 - .275","Medium (> 170, < 200)","Right"
"Elliott Maddox","R",71,180,0.261,18,".251 - .275","Medium (> 170, < 200)","Right"
"Omar Moreno","L",74,180,0.252,37,".251 - .275","Medium (> 170, < 200)","Left"
"Julian Javier","R",73,175,0.257,78,".251 - .275","Medium (> 170, < 200)","Right"
"Elio Chacon","R",69,160,0.232,4,".226 - .250","Light (< 170)","Right"
"Rusty Torres","B",70,175,0.212,35,".201 - .225","Medium (> 170, < 200)","Switch"
"John Stearns","R",72,185,0.26,46,".251 - .275","Medium (> 170, < 200)","Right"
"Larry Brown","R",70,160,0.233,47,".226 - .250","Light (< 170)","Right"
"Tommy Dean","R",72,165,0.18,4,".176 - .200","Light (< 170)","Right"
"Bruce Boisclair","L",74,185,0.263,10,".251 - .275","Medium (> 170, < 200)","Left"
"Ken Singleton","B",76,210,0.282,246,".276 - .300","Heavy (> 200)","Switch"
"Frank White","R",71,165,0.255,160,".251 - .275","Light (< 170)","Right"
"Jim Fairey","L",70,190,0.235,7,".226 - .250","Medium (> 170, < 200)","Left"
"Tom Brookens","R",70,165,0.246,71,".226 - .250","Light (< 170)","Right"
"Gary Thomasson","L",73,180,0.249,61,".226 - .250","Medium (> 170, < 200)","Left"
"Otto Velez","R",72,170,0.251,78,".251 - .275","Medium (> 170, < 200)","Right"
"Tony Scott","B",72,164,0.249,17,".226 - .250","Light (< 170)","Switch"
"Ray Oyler","R",71,165,0.175,15,".151 - .175","Light (< 170)","Right"
"Floyd Robinson","L",69,175,0.283,67,".276 - .300","Medium (> 170, < 200)","Left"
"Steve Jeltz","B",71,180,0.21,5,".201 - .225","Medium (> 170, < 200)","Switch"
"Lou Brock","L",71,170,0.293,149,".276 - .300","Medium (> 170, < 200)","Left"
"Joe Lovitto","B",72,185,0.216,4,".201 - .225","Medium (> 170, < 200)","Switch"
"Wayne Comer","R",70,175,0.229,16,".226 - .250","Medium (> 170, < 200)","Right"
"Dave Collins","B",71,175,0.272,32,".251 - .275","Medium (> 170, < 200)","Switch"
"Ed Spiezio","R",71,180,0.238,39,".226 - .250","Medium (> 170, < 200)","Right"
"Rico Petrocelli","R",72,175,0.251,210,".251 - .275","Medium (> 170, < 200)","Right"
"Johnny Lewis","L",73,189,0.227,22,".226 - .250","Medium (> 170, < 200)","Left"
"Dick Simpson","R",76,176,0.207,15,".201 - .225","Medium (> 170, < 200)","Right"
"Ken Boswell","L",72,170,0.248,31,".226 - .250","Medium (> 170, < 200)","Left"
"Ken McMullen","R",75,190,0.248,156,".226 - .250","Medium (> 170, < 200)","Right"
"Steve Swisher","R",74,205,0.216,20,".201 - .225","Heavy (> 200)","Right"
"Dick Howser","R",68,155,0.248,16,".226 - .250","Light (< 170)","Right"
"Manny Castillo","B",69,160,0.242,3,".226 - .250","Light (< 170)","Switch"
"Mike Ramsey","B",73,170,0.24,2,".226 - .250","Medium (> 170, < 200)","Switch"
"Willie Crawford","L",73,197,0.268,86,".251 - .275","Medium (> 170, < 200)","Left"
"Willie Norwood","R",72,185,0.242,18,".226 - .250","Medium (> 170, < 200)","Right"
"Jeff Stone","L",72,175,0.277,11,".276 - .300","Medium (> 170, < 200)","Left"
"Joe Lahoud","L",73,198,0.223,65,".201 - .225","Medium (> 170, < 200)","Left"
"Tim Flannery","L",71,175,0.255,9,".251 - .275","Medium (> 170, < 200)","Left"
"Dave McKay","B",73,195,0.229,21,".226 - .250","Medium (> 170, < 200)","Switch"
"Benny Ayala","R",73,185,0.251,38,".251 - .275","Medium (> 170, < 200)","Right"
"Greg Gross","L",70,160,0.287,7,".276 - .300","Light (< 170)","Left"
"Sal Butera","R",72,190,0.227,8,".226 - .250","Medium (> 170, < 200)","Right"
"Jack Brohamer","L",70,165,0.245,30,".226 - .250","Light (< 170)","Left"
"Von Joshua","L",70,170,0.273,30,".251 - .275","Medium (> 170, < 200)","Left"
"Eddie Milner","L",71,173,0.253,42,".251 - .275","Medium (> 170, < 200)","Left"
"Johnny Jeter","R",73,180,0.244,18,".226 - .250","Medium (> 170, < 200)","Right"
"Angel Salazar","R",72,180,0.212,2,".201 - .225","Medium (> 170, < 200)","Right"
"Tony Oliva","L",73,175,0.304,220,".301 - .325","Medium (> 170, < 200)","Left"
"Cito Gaston","R",75,190,0.256,91,".251 - .275","Medium (> 170, < 200)","Right"
"Cookie Rojas","R",70,160,0.263,54,".251 - .275","Light (< 170)","Right"
"Rich Morales","R",71,170,0.195,6,".176 - .200","Medium (> 170, < 200)","Right"
"Dan Ford","R",73,185,0.27,121,".251 - .275","Medium (> 170, < 200)","Right"
"Darryl Motley","R",69,196,0.243,44,".226 - .250","Medium (> 170, < 200)","Right"
"Ozzie Virgil","R",73,180,0.243,98,".226 - .250","Medium (> 170, < 200)","Right"
"Johnny Oates","L",71,188,0.25,14,".226 - .250","Medium (> 170, < 200)","Left"
"Mike Phillips","L",72,170,0.24,11,".226 - .250","Medium (> 170, < 200)","Left"
"Ron Santo","R",72,190,0.277,342,".276 - .300","Medium (> 170, < 200)","Right"
"Jay Johnstone","L",73,175,0.267,102,".251 - .275","Medium (> 170, < 200)","Left"
"Jim Ray Hart","R",71,185,0.278,170,".276 - .300","Medium (> 170, < 200)","Right"
"Marc Hill","R",75,205,0.223,34,".201 - .225","Heavy (> 200)","Right"
"Chico Salmon","R",70,160,0.249,31,".226 - .250","Light (< 170)","Right"
"Joe Niekro","R",73,185,0.156,1,".151 - .175","Medium (> 170, < 200)","Right"
"Andy Etchebarren","R",73,190,0.235,49,".226 - .250","Medium (> 170, < 200)","Right"
"Ken Berry","R",72,175,0.255,58,".251 - .275","Medium (> 170, < 200)","Right"
"Dave Concepcion","R",74,155,0.267,101,".251 - .275","Light (< 170)","Right"
"Junior Moore","R",71,185,0.264,7,".251 - .275","Medium (> 170, < 200)","Right"
"Mike Richardt","R",72,170,0.226,4,".226 - .250","Medium (> 170, < 200)","Right"
"Chris Brown","R",72,185,0.269,38,".251 - .275","Medium (> 170, < 200)","Right"
"Al Bumbry","L",68,170,0.281,54,".276 - .300","Medium (> 170, < 200)","Left"
"Al Downing","R",71,175,0.127,2,".126 - .150","Medium (> 170, < 200)","Right"
"Jake Gibbs","L",72,180,0.233,25,".226 - .250","Medium (> 170, < 200)","Left"
"Garry Hancock","L",72,175,0.247,12,".226 - .250","Medium (> 170, < 200)","Left"
"Ed Kranepool","L",75,205,0.261,118,".251 - .275","Heavy (> 200)","Left"
"Rick Rhoden","R",75,195,0.238,9,".226 - .250","Medium (> 170, < 200)","Right"
"Denny McLain","R",73,185,0.133,1,".126 - .150","Medium (> 170, < 200)","Right"
"Chuck Hiller","L",71,170,0.243,20,".226 - .250","Medium (> 170, < 200)","Left"
"Jorge Orta","L",70,170,0.278,130,".276 - .300","Medium (> 170, < 200)","Left"
"Dave Cash","R",71,170,0.283,21,".276 - .300","Medium (> 170, < 200)","Right"
"Bucky Dent","R",69,170,0.247,40,".226 - .250","Medium (> 170, < 200)","Right"
"Tony Gonzalez","L",69,170,0.286,103,".276 - .300","Medium (> 170, < 200)","Left"
"Larry Haney","R",74,195,0.215,12,".201 - .225","Medium (> 170, < 200)","Right"
"Billy Conigliaro","R",72,180,0.256,40,".251 - .275","Medium (> 170, < 200)","Right"
"Gary Roenicke","R",75,205,0.247,121,".226 - .250","Heavy (> 200)","Right"
"Don Lock","R",74,195,0.238,122,".226 - .250","Medium (> 170, < 200)","Right"
"Billy Cowan","R",72,170,0.236,40,".226 - .250","Medium (> 170, < 200)","Right"
"Billy Smith","B",74,185,0.23,17,".226 - .250","Medium (> 170, < 200)","Switch"
"Tony Perez","R",74,175,0.279,379,".276 - .300","Medium (> 170, < 200)","Right"
"Chuck Schilling","R",70,160,0.239,23,".226 - .250","Light (< 170)","Right"
"Hal McRae","R",71,180,0.29,191,".276 - .300","Medium (> 170, < 200)","Right"
"Dave Roberts","R",75,215,0.239,49,".226 - .250","Heavy (> 200)","Right"
"Jim Lefebvre","B",72,180,0.251,74,".251 - .275","Medium (> 170, < 200)","Switch"
"Charlie Spikes","R",75,215,0.246,65,".226 - .250","Heavy (> 200)","Right"
"Steve Whitaker","L",72,180,0.23,24,".226 - .250","Medium (> 170, < 200)","Left"
"Manny Jimenez","L",73,185,0.272,26,".251 - .275","Medium (> 170, < 200)","Left"
"Duffy Dyer","R",72,187,0.221,30,".201 - .225","Medium (> 170, < 200)","Right"
"Ken Henderson","B",74,180,0.257,122,".251 - .275","Medium (> 170, < 200)","Switch"
"Vern Fuller","R",73,170,0.232,14,".226 - .250","Medium (> 170, < 200)","Right"
"Wayne Gross","L",74,210,0.233,121,".226 - .250","Heavy (> 200)","Left"
"Mike Champion","R",72,185,0.229,2,".226 - .250","Medium (> 170, < 200)","Right"
"Paul Casanova","R",76,180,0.225,50,".201 - .225","Medium (> 170, < 200)","Right"
"Terry Crowley","L",72,180,0.25,42,".226 - .250","Medium (> 170, < 200)","Left"
"Horace Clarke","B",69,170,0.256,27,".251 - .275","Medium (> 170, < 200)","Switch"
"Lou Clinton","R",73,185,0.247,65,".226 - .250","Medium (> 170, < 200)","Right"
"Larry Cox","R",70,178,0.221,12,".201 - .225","Medium (> 170, < 200)","Right"
"Nate Colbert","R",74,190,0.243,173,".226 - .250","Medium (> 170, < 200)","Right"
"Phil Roof","R",74,190,0.215,43,".201 - .225","Medium (> 170, < 200)","Right"
"Chuck Hinton","R",73,180,0.264,113,".251 - .275","Medium (> 170, < 200)","Right"
"Tim Cullen","R",73,185,0.22,9,".201 - .225","Medium (> 170, < 200)","Right"
"Tim Harkness","L",74,182,0.235,14,".226 - .250","Medium (> 170, < 200)","Left"
"Rick Bosetti","R",71,185,0.25,17,".226 - .250","Medium (> 170, < 200)","Right"
"Ron Pruitt","R",72,185,0.269,12,".251 - .275","Medium (> 170, < 200)","Right"
"George Foster","R",73,180,0.274,348,".251 - .275","Medium (> 170, < 200)","Right"
"Jerry White","B",70,164,0.253,21,".251 - .275","Light (< 170)","Switch"
"Angel Mangual","R",70,178,0.245,22,".226 - .250","Medium (> 170, < 200)","Right"
"Ken Gerhart","R",72,190,0.221,24,".201 - .225","Medium (> 170, < 200)","Right"
"Mike Hershberger","R",70,175,0.252,26,".251 - .275","Medium (> 170, < 200)","Right"
"Jim French","L",68,180,0.196,5,".176 - .200","Medium (> 170, < 200)","Left"
"Dave Roberts","L",75,195,0.194,7,".176 - .200","Medium (> 170, < 200)","Left"
"Jim Mason","L",74,185,0.203,12,".201 - .225","Medium (> 170, < 200)","Left"
"Willie Smith","L",72,182,0.248,46,".226 - .250","Medium (> 170, < 200)","Left"
"Jose Arcia","R",75,170,0.215,1,".201 - .225","Medium (> 170, < 200)","Right"
"Leon Durham","L",73,185,0.277,147,".276 - .300","Medium (> 170, < 200)","Left"
"Paul Householder","B",72,180,0.236,29,".226 - .250","Medium (> 170, < 200)","Switch"
"Aurelio Rodriguez","R",70,180,0.237,124,".226 - .250","Medium (> 170, < 200)","Right"
"Jimmy Stewart","B",72,165,0.237,8,".226 - .250","Light (< 170)","Switch"
"Dick Phillips","L",72,180,0.229,12,".226 - .250","Medium (> 170, < 200)","Left"
"Andres Thomas","R",73,170,0.234,42,".226 - .250","Medium (> 170, < 200)","Right"
"Mike de la Hoz","R",71,175,0.251,25,".251 - .275","Medium (> 170, < 200)","Right"
"Frank Taveras","R",72,155,0.255,2,".251 - .275","Light (< 170)","Right"
"Joe Nossek","R",72,178,0.228,3,".226 - .250","Medium (> 170, < 200)","Right"
"Larry Stahl","L",72,175,0.232,36,".226 - .250","Medium (> 170, < 200)","Left"
"Jose Cruz","L",72,170,0.284,165,".276 - .300","Medium (> 170, < 200)","Left"
"Don Mason","L",71,160,0.205,3,".201 - .225","Light (< 170)","Left"
"Bill Robinson","R",74,189,0.258,166,".251 - .275","Medium (> 170, < 200)","Right"
"Sal Bando","R",72,195,0.254,242,".251 - .275","Medium (> 170, < 200)","Right"
"George Mitterwald","R",74,195,0.236,76,".226 - .250","Medium (> 170, < 200)","Right"
"Bob Tillman","R",76,205,0.232,79,".226 - .250","Heavy (> 200)","Right"
"Pat Corrales","R",72,180,0.216,4,".201 - .225","Medium (> 170, < 200)","Right"
"Mike Tyson","R",69,170,0.241,27,".226 - .250","Medium (> 170, < 200)","Right"
"Rafael Landestoy","B",70,165,0.237,4,".226 - .250","Light (< 170)","Switch"
"Duane Josephson","R",72,190,0.258,23,".251 - .275","Medium (> 170, < 200)","Right"
"Duane Walker","L",72,185,0.229,24,".226 - .250","Medium (> 170, < 200)","Left"
"Glenn Hubbard","R",69,150,0.244,70,".226 - .250","Light (< 170)","Right"
"Roger Freed","R",72,190,0.245,22,".226 - .250","Medium (> 170, < 200)","Right"
"George Hendrick","R",75,195,0.278,267,".276 - .300","Medium (> 170, < 200)","Right"
"Rod Carew","L",72,170,0.328,92,".326 - .350","Medium (> 170, < 200)","Left"
"Bob Davis","R",72,180,0.197,6,".176 - .200","Medium (> 170, < 200)","Right"
"Toby Harrah","R",72,175,0.264,195,".251 - .275","Medium (> 170, < 200)","Right"
"Rick Manning","L",73,180,0.257,56,".251 - .275","Medium (> 170, < 200)","Left"
"Gary Matthews","R",74,185,0.281,234,".276 - .300","Medium (> 170, < 200)","Right"
"Cesar Geronimo","L",72,165,0.258,51,".251 - .275","Light (< 170)","Left"
"Billy Bryan","L",76,200,0.216,41,".201 - .225","Heavy (> 200)","Left"
"Terry Whitfield","L",73,197,0.281,33,".276 - .300","Medium (> 170, < 200)","Left"
"Mario Mendoza","R",71,170,0.215,4,".201 - .225","Medium (> 170, < 200)","Right"
"Fred Lynn","L",73,185,0.283,306,".276 - .300","Medium (> 170, < 200)","Left"
"Larry Hisle","R",74,193,0.273,166,".251 - .275","Medium (> 170, < 200)","Right"
"Graig Nettles","L",72,180,0.248,390,".226 - .250","Medium (> 170, < 200)","Left"
"Dave Engle","R",75,210,0.262,31,".251 - .275","Heavy (> 200)","Right"
"Mike Easler","L",72,190,0.293,118,".276 - .300","Medium (> 170, < 200)","Left"
"Rick Sweet","B",73,200,0.234,6,".226 - .250","Heavy (> 200)","Switch"
"Thurman Munson","R",71,190,0.292,113,".276 - .300","Medium (> 170, < 200)","Right"
"Rick Monday","L",75,193,0.264,241,".251 - .275","Medium (> 170, < 200)","Left"
"Mike Sadek","R",69,165,0.226,5,".226 - .250","Light (< 170)","Right"
"Mark Belanger","R",73,170,0.228,20,".226 - .250","Medium (> 170, < 200)","Right"
"Ron Hunt","R",72,186,0.273,39,".251 - .275","Medium (> 170, < 200)","Right"
"Joe Keough","L",72,185,0.246,9,".226 - .250","Medium (> 170, < 200)","Left"
"Vic Correll","R",70,185,0.229,29,".226 - .250","Medium (> 170, < 200)","Right"
"Jackie Hernandez","R",71,165,0.208,12,".201 - .225","Light (< 170)","Right"
"Tony Solaita","L",72,210,0.255,50,".251 - .275","Heavy (> 200)","Left"
"U L Washington","B",71,175,0.251,27,".251 - .275","Medium (> 170, < 200)","Switch"
"Joe Foy","R",72,215,0.248,58,".226 - .250","Heavy (> 200)","Right"
"Ed Goodson","L",75,180,0.26,30,".251 - .275","Medium (> 170, < 200)","Left"
"Mickey Klutts","R",71,170,0.241,14,".226 - .250","Medium (> 170, < 200)","Right"
"Leroy Stanton","R",73,195,0.244,77,".226 - .250","Medium (> 170, < 200)","Right"
"Danny Ainge","R",76,175,0.22,2,".201 - .225","Medium (> 170, < 200)","Right"
"Adolfo Phillips","R",73,175,0.247,59,".226 - .250","Medium (> 170, < 200)","Right"
"Marv Breeding","R",72,175,0.25,7,".226 - .250","Medium (> 170, < 200)","Right"
"Dick McAuliffe","L",71,176,0.247,197,".226 - .250","Medium (> 170, < 200)","Left"
"Glenn Burke","R",72,195,0.237,2,".226 - .250","Medium (> 170, < 200)","Right"
"Terry Humphrey","R",75,185,0.211,6,".201 - .225","Medium (> 170, < 200)","Right"
"Enzo Hernandez","R",68,155,0.224,2,".201 - .225","Light (< 170)","Right"
"Coco Laboy","R",70,165,0.233,28,".226 - .250","Light (< 170)","Right"
"Ted Kubiak","B",72,175,0.231,13,".226 - .250","Medium (> 170, < 200)","Switch"
"Jim Morrison","R",71,175,0.26,112,".251 - .275","Medium (> 170, < 200)","Right"
"Bobby Knoop","R",73,170,0.236,56,".226 - .250","Medium (> 170, < 200)","Right"
"Bobby Brown","B",74,190,0.245,26,".226 - .250","Medium (> 170, < 200)","Switch"
"Tom Hutton","L",71,180,0.248,22,".226 - .250","Medium (> 170, < 200)","Left"
"Ron Hodges","L",73,185,0.24,19,".226 - .250","Medium (> 170, < 200)","Left"
"Rich Chiles","L",71,170,0.254,6,".251 - .275","Medium (> 170, < 200)","Left"
"Tom Paciorek","R",76,215,0.282,86,".276 - .300","Heavy (> 200)","Right"
"Gary Woods","R",74,185,0.243,13,".226 - .250","Medium (> 170, < 200)","Right"
"Bob Montgomery","R",73,195,0.258,23,".251 - .275","Medium (> 170, < 200)","Right"
"Jeff Burroughs","R",73,200,0.261,240,".251 - .275","Heavy (> 200)","Right"
"Rusty Staub","L",74,190,0.279,292,".276 - .300","Medium (> 170, < 200)","Left"
"Jim Norris","L",70,175,0.264,7,".251 - .275","Medium (> 170, < 200)","Left"
"Oscar Gamble","L",71,160,0.265,200,".251 - .275","Light (< 170)","Left"
"George Vukovich","L",72,198,0.268,27,".251 - .275","Medium (> 170, < 200)","Left"
"Craig Reynolds","L",73,175,0.256,42,".251 - .275","Medium (> 170, < 200)","Left"
"Paul Blair","R",72,168,0.25,134,".226 - .250","Light (< 170)","Right"
"Al Cowens","R",73,197,0.27,108,".251 - .275","Medium (> 170, < 200)","Right"
"Al Oliver","L",72,195,0.303,219,".301 - .325","Medium (> 170, < 200)","Left"
"Dave Hilton","R",71,191,0.213,6,".201 - .225","Medium (> 170, < 200)","Right"
"Luis Alvarado","R",69,162,0.214,5,".201 - .225","Light (< 170)","Right"
"Larry Parrish","R",75,190,0.263,256,".251 - .275","Medium (> 170, < 200)","Right"
"Woodie Fryman","R",75,197,0.138,2,".126 - .150","Medium (> 170, < 200)","Right"
"Bob Randall","R",74,175,0.257,1,".251 - .275","Medium (> 170, < 200)","Right"
"Jim Pankovits","R",70,170,0.25,9,".226 - .250","Medium (> 170, < 200)","Right"
"Carmen Fanzone","R",72,200,0.224,20,".201 - .225","Heavy (> 200)","Right"
"Gary Allenson","R",71,185,0.221,19,".201 - .225","Medium (> 170, < 200)","Right"
"Milt May","L",72,190,0.263,77,".251 - .275","Medium (> 170, < 200)","Left"
"Mike Vail","R",73,180,0.279,34,".276 - .300","Medium (> 170, < 200)","Right"
"Nick Esasky","R",75,200,0.25,122,".226 - .250","Heavy (> 200)","Right"
"Jim Nettles","L",72,186,0.22,16,".201 - .225","Medium (> 170, < 200)","Left"
"Chris Cannizzaro","R",72,190,0.235,18,".226 - .250","Medium (> 170, < 200)","Right"
"Larry Biittner","L",74,205,0.273,29,".251 - .275","Heavy (> 200)","Left"
"Mel Stottlemyre","R",73,178,0.16,7,".151 - .175","Medium (> 170, < 200)","Right"
"Roy Smalley","B",73,185,0.257,163,".251 - .275","Medium (> 170, < 200)","Switch"
"Andy Messersmith","R",73,200,0.17,5,".151 - .175","Heavy (> 200)","Right"
"Richie Zisk","R",73,200,0.287,207,".276 - .300","Heavy (> 200)","Right"
"Dave Chalk","R",70,175,0.252,15,".251 - .275","Medium (> 170, < 200)","Right"
"Don Baylor","R",73,190,0.26,338,".251 - .275","Medium (> 170, < 200)","Right"
"John Vukovich","R",73,187,0.161,6,".151 - .175","Medium (> 170, < 200)","Right"
"Danny Thompson","R",72,183,0.248,15,".226 - .250","Medium (> 170, < 200)","Right"
"Joe Simpson","L",75,175,0.242,9,".226 - .250","Medium (> 170, < 200)","Left"
"Bill Fahey","L",72,200,0.241,7,".226 - .250","Heavy (> 200)","Left"
"Doug Camilli","R",71,195,0.199,18,".176 - .200","Medium (> 170, < 200)","Right"
"Bernie Allen","L",72,175,0.239,73,".226 - .250","Medium (> 170, < 200)","Left"
"Bruce Bochy","R",75,205,0.239,26,".226 - .250","Heavy (> 200)","Right"
"Claudell Washington","L",72,190,0.278,164,".276 - .300","Medium (> 170, < 200)","Left"
"John Donaldson","L",71,160,0.238,4,".226 - .250","Light (< 170)","Left"
"John Mayberry","L",75,215,0.253,255,".251 - .275","Heavy (> 200)","Left"
"Ken Reitz","R",72,180,0.26,68,".251 - .275","Medium (> 170, < 200)","Right"
"Amos Otis","R",71,165,0.277,193,".276 - .300","Light (< 170)","Right"
"Gene Alley","R",70,160,0.254,55,".251 - .275","Light (< 170)","Right"
"Ted Sizemore","R",70,165,0.262,23,".251 - .275","Light (< 170)","Right"
"Dan Briggs","L",72,180,0.195,12,".176 - .200","Medium (> 170, < 200)","Left"
"Doug Flynn","R",71,165,0.238,7,".226 - .250","Light (< 170)","Right"
"Ken Holtzman","R",74,175,0.163,2,".151 - .175","Medium (> 170, < 200)","Right"
"Pete Ward","L",73,185,0.254,98,".251 - .275","Medium (> 170, < 200)","Left"
"Kevin Bell","R",72,195,0.222,13,".201 - .225","Medium (> 170, < 200)","Right"
"Tom Nieto","R",73,193,0.205,5,".201 - .225","Medium (> 170, < 200)","Right"
"Duke Sims","L",74,197,0.239,100,".226 - .250","Medium (> 170, < 200)","Left"
"Larvell Blanks","R",68,167,0.253,20,".251 - .275","Light (< 170)","Right"
"Mike Davis","L",74,175,0.259,91,".251 - .275","Medium (> 170, < 200)","Left"
"Jerry Reuss","L",77,200,0.167,1,".151 - .175","Heavy (> 200)","Left"
"Steve Yeager","R",72,190,0.228,102,".226 - .250","Medium (> 170, < 200)","Right"
"Danny Goodwin","L",73,195,0.236,13,".226 - .250","Medium (> 170, < 200)","Left"
"Bud Harrelson","B",71,160,0.236,7,".226 - .250","Light (< 170)","Switch"
"Bob Knepper","L",75,195,0.137,6,".126 - .150","Medium (> 170, < 200)","Left"
"Mickey Rivers","L",70,165,0.295,61,".276 - .300","Light (< 170)","Left"
"Jim Northrup","L",75,190,0.267,153,".251 - .275","Medium (> 170, < 200)","Left"
"John Hale","L",74,195,0.201,14,".201 - .225","Medium (> 170, < 200)","Left"
"Pedro Garcia","R",70,175,0.22,37,".201 - .225","Medium (> 170, < 200)","Right"
"Carl Yastrzemski","L",71,175,0.285,452,".276 - .300","Medium (> 170, < 200)","Left"
"Derrel Thomas","B",72,160,0.249,43,".226 - .250","Light (< 170)","Switch"
"Art Howe","R",74,190,0.26,43,".251 - .275","Medium (> 170, < 200)","Right"
"Ike Brown","R",72,190,0.256,20,".251 - .275","Medium (> 170, < 200)","Right"
"Howie Goss","R",76,204,0.216,11,".201 - .225","Heavy (> 200)","Right"
"Glenn Borgmann","R",76,210,0.229,16,".226 - .250","Heavy (> 200)","Right"
"Lamar Johnson","R",74,215,0.287,64,".276 - .300","Heavy (> 200)","Right"
"Julio Gonzalez","R",71,162,0.235,4,".226 - .250","Light (< 170)","Right"
"Bobby Klaus","R",70,170,0.208,6,".201 - .225","Medium (> 170, < 200)","Right"
"Manny Sanguillen","R",72,193,0.296,65,".276 - .300","Medium (> 170, < 200)","Right"
"Gates Brown","L",71,220,0.257,84,".251 - .275","Heavy (> 200)","Left"
"Johnny Ray","B",71,170,0.29,53,".276 - .300","Medium (> 170, < 200)","Switch"
"Jesus Alou","R",74,190,0.28,32,".276 - .300","Medium (> 170, < 200)","Right"
"Ken Landreaux","L",70,165,0.268,91,".251 - .275","Light (< 170)","Left"
"Enos Cabell","R",76,170,0.277,60,".276 - .300","Medium (> 170, < 200)","Right"
"Billy North","B",71,185,0.261,20,".251 - .275","Medium (> 170, < 200)","Switch"
"Juan Beniquez","R",71,150,0.274,79,".251 - .275","Light (< 170)","Right"
"Frank Fernandez","R",72,185,0.199,39,".176 - .200","Medium (> 170, < 200)","Right"
"Bombo Rivera","R",70,187,0.265,10,".251 - .275","Medium (> 170, < 200)","Right"
"Steve Brye","R",72,190,0.258,30,".251 - .275","Medium (> 170, < 200)","Right"
"Ron Jackson","R",72,200,0.259,56,".251 - .275","Heavy (> 200)","Right"
"Roger Metzger","B",72,165,0.231,5,".226 - .250","Light (< 170)","Switch"
"Rufino Linares","R",72,170,0.27,11,".251 - .275","Medium (> 170, < 200)","Right"
"Ray Webster","L",72,185,0.244,17,".226 - .250","Medium (> 170, < 200)","Left"
"Bob Kearney","R",72,190,0.233,27,".226 - .250","Medium (> 170, < 200)","Right"
"Fergie Jenkins","R",77,205,0.165,13,".151 - .175","Heavy (> 200)","Right"
"Dick Dietz","R",73,195,0.261,66,".251 - .275","Medium (> 170, < 200)","Right"
"Ted Cox","R",75,195,0.245,10,".226 - .250","Medium (> 170, < 200)","Right"
"Bobby Mitchell","L",70,170,0.243,3,".226 - .250","Medium (> 170, < 200)","Left"
"Bobby Mitchell","R",75,185,0.235,21,".226 - .250","Medium (> 170, < 200)","Right"
"Barry Evans","R",73,180,0.251,2,".251 - .275","Medium (> 170, < 200)","Right"
"Mickey Brantley","R",70,180,0.259,32,".251 - .275","Medium (> 170, < 200)","Right"
"Al Gallagher","R",72,180,0.263,11,".251 - .275","Medium (> 170, < 200)","Right"
"Hector Cruz","R",71,170,0.225,39,".201 - .225","Medium (> 170, < 200)","Right"
"Woody Woodward","R",74,180,0.236,1,".226 - .250","Medium (> 170, < 200)","Right"
"Ted Martinez","R",72,165,0.24,7,".226 - .250","Light (< 170)","Right"
"Jim Anderson","R",72,170,0.218,13,".201 - .225","Medium (> 170, < 200)","Right"
"Lenn Sakata","R",69,160,0.23,25,".226 - .250","Light (< 170)","Right"
"Dave Duncan","R",74,190,0.214,109,".201 - .225","Medium (> 170, < 200)","Right"
"Dick Billings","R",73,195,0.227,16,".226 - .250","Medium (> 170, < 200)","Right"
"Bruce Bochte","L",75,195,0.282,100,".276 - .300","Medium (> 170, < 200)","Left"
"Bernie Carbo","L",71,173,0.264,96,".251 - .275","Medium (> 170, < 200)","Left"
"Vic Davalillo","L",67,150,0.279,36,".276 - .300","Light (< 170)","Left"
"Burt Hooton","R",73,210,0.123,4,".100 - .125","Heavy (> 200)","Right"
"Fernando Gonzalez","R",70,165,0.235,17,".226 - .250","Light (< 170)","Right"
"Jim Sundberg","R",72,190,0.248,95,".226 - .250","Medium (> 170, < 200)","Right"
"Andy Kosco","R",75,205,0.236,73,".226 - .250","Heavy (> 200)","Right"
"Steve Huntz","B",73,204,0.206,16,".201 - .225","Heavy (> 200)","Switch"
"Lenny Faedo","R",72,170,0.251,5,".251 - .275","Medium (> 170, < 200)","Right"
"John Lowenstein","L",72,175,0.253,116,".251 - .275","Medium (> 170, < 200)","Left"
"Don Kessinger","B",73,170,0.252,14,".251 - .275","Medium (> 170, < 200)","Switch"
"Joe Hague","L",72,195,0.239,40,".226 - .250","Medium (> 170, < 200)","Left"
"Bake McBride","L",74,190,0.299,63,".276 - .300","Medium (> 170, < 200)","Left"
"Dick Davis","R",75,190,0.265,27,".251 - .275","Medium (> 170, < 200)","Right"
"Richie Scheinblum","B",73,180,0.263,13,".251 - .275","Medium (> 170, < 200)","Switch"
"Ed Herrmann","L",73,195,0.24,80,".226 - .250","Medium (> 170, < 200)","Left"
"Bob Molinaro","L",72,190,0.264,14,".251 - .275","Medium (> 170, < 200)","Left"
"Mike Hegan","L",73,188,0.242,53,".226 - .250","Medium (> 170, < 200)","Left"
"Mike Diaz","R",74,195,0.247,31,".226 - .250","Medium (> 170, < 200)","Right"
"Tim Foli","R",72,179,0.251,25,".251 - .275","Medium (> 170, < 200)","Right"
"Alan Knicely","R",72,190,0.213,12,".201 - .225","Medium (> 170, < 200)","Right"
"Tim Laudner","R",75,212,0.225,77,".201 - .225","Heavy (> 200)","Right"
"Jose Morales","R",71,187,0.287,26,".276 - .300","Medium (> 170, < 200)","Right"
"Juan Marichal","R",72,185,0.165,4,".151 - .175","Medium (> 170, < 200)","Right"
"Vida Blue","B",72,189,0.104,4,".100 - .125","Medium (> 170, < 200)","Switch"
"Stan Papi","R",72,170,0.218,7,".201 - .225","Medium (> 170, < 200)","Right"
"Rob Wilfong","L",73,180,0.248,39,".226 - .250","Medium (> 170, < 200)","Left"
"Steve Henderson","R",74,190,0.28,68,".276 - .300","Medium (> 170, < 200)","Right"
"Rob Picciolo","R",74,185,0.234,17,".226 - .250","Medium (> 170, < 200)","Right"
"Roberto Pena","R",68,170,0.245,13,".226 - .250","Medium (> 170, < 200)","Right"
"Bob Dernier","R",72,160,0.255,23,".251 - .275","Light (< 170)","Right"
"Bill Melton","R",74,200,0.253,160,".251 - .275","Heavy (> 200)","Right"
"Albert Hall","B",71,155,0.251,5,".251 - .275","Light (< 170)","Switch"
"Barbaro Garbey","R",70,170,0.267,11,".251 - .275","Medium (> 170, < 200)","Right"
"John Milner","L",72,185,0.249,131,".226 - .250","Medium (> 170, < 200)","Left"
"Rich Reese","L",75,185,0.253,52,".251 - .275","Medium (> 170, < 200)","Left"
"Chris Bando","B",72,195,0.227,27,".226 - .250","Medium (> 170, < 200)","Switch"
"Bill Buckner","L",72,185,0.289,174,".276 - .300","Medium (> 170, < 200)","Left"
"Jack Hiatt","R",74,190,0.251,22,".251 - .275","Medium (> 170, < 200)","Right"
"Nelson Mathews","R",76,195,0.223,22,".201 - .225","Medium (> 170, < 200)","Right"
"Ron Theobald","R",68,165,0.248,2,".226 - .250","Light (< 170)","Right"
"Rafael Santana","R",73,165,0.246,13,".226 - .250","Light (< 170)","Right"
"Jerry Hairston","B",70,170,0.258,30,".251 - .275","Medium (> 170, < 200)","Switch"
"Tommie Aaron","R",75,190,0.229,13,".226 - .250","Medium (> 170, < 200)","Right"
"Steve Dillard","R",73,180,0.243,13,".226 - .250","Medium (> 170, < 200)","Right"
"George Scott","R",74,200,0.268,271,".251 - .275","Heavy (> 200)","Right"
"Ken Walters","R",73,180,0.231,11,".226 - .250","Medium (> 170, < 200)","Right"
"Gorman Thomas","R",74,210,0.225,268,".201 - .225","Heavy (> 200)","Right"
"Paul Dade","R",73,185,0.27,10,".251 - .275","Medium (> 170, < 200)","Right"
"Darrell Porter","L",72,193,0.247,188,".226 - .250","Medium (> 170, < 200)","Left"
"Fred Stanley","R",70,165,0.216,10,".201 - .225","Light (< 170)","Right"
"Larry Bowa","B",70,155,0.26,15,".251 - .275","Light (< 170)","Switch"
"Tim Corcoran","L",71,175,0.27,12,".251 - .275","Medium (> 170, < 200)","Left"
"Jim Spencer","L",74,195,0.25,146,".226 - .250","Medium (> 170, < 200)","Left"
"Pete LaCock","L",74,200,0.257,27,".251 - .275","Heavy (> 200)","Left"
"Carl Morton","R",72,200,0.156,7,".151 - .175","Heavy (> 200)","Right"
"Gary Gray","R",72,187,0.24,24,".226 - .250","Medium (> 170, < 200)","Right"
"Matty Alou","L",69,160,0.307,31,".301 - .325","Light (< 170)","Left"
"Jim Dwyer","L",70,165,0.26,77,".251 - .275","Light (< 170)","Left"
"Dalton Jones","L",73,180,0.235,41,".226 - .250","Medium (> 170, < 200)","Left"
"Rennie Stennett","R",71,160,0.274,41,".251 - .275","Light (< 170)","Right"
"Jerry May","R",74,190,0.234,15,".226 - .250","Medium (> 170, < 200)","Right"
"Rich McKinney","R",71,185,0.225,20,".201 - .225","Medium (> 170, < 200)","Right"
"Clint Hurdle","L",75,195,0.259,32,".251 - .275","Medium (> 170, < 200)","Left"
"Mike Andrews","R",75,195,0.258,66,".251 - .275","Medium (> 170, < 200)","Right"
"Bobby Clark","R",72,190,0.239,19,".226 - .250","Medium (> 170, < 200)","Right"
"Cliff Johnson","R",76,215,0.258,196,".251 - .275","Heavy (> 200)","Right"
"Donn Clendenon","R",76,209,0.274,159,".251 - .275","Heavy (> 200)","Right"
"Charlie James","R",73,195,0.255,29,".251 - .275","Medium (> 170, < 200)","Right"
"Bob Horner","R",73,195,0.277,218,".276 - .300","Medium (> 170, < 200)","Right"
"Tom Veryzer","R",73,175,0.241,14,".226 - .250","Medium (> 170, < 200)","Right"
"George Smith","R",70,170,0.205,9,".201 - .225","Medium (> 170, < 200)","Right"
"Jim Essian","R",74,195,0.244,33,".226 - .250","Medium (> 170, < 200)","Right"
"Onix Concepcion","R",66,160,0.239,3,".226 - .250","Light (< 170)","Right"
"Boots Day","L",69,160,0.256,8,".251 - .275","Light (< 170)","Left"
"Brian Giles","R",73,165,0.228,10,".226 - .250","Light (< 170)","Right"
"Garry Maddox","R",75,175,0.285,117,".276 - .300","Medium (> 170, < 200)","Right"
"Alex Trevino","R",70,165,0.249,23,".226 - .250","Light (< 170)","Right"
"Jim Price","R",72,192,0.214,18,".201 - .225","Medium (> 170, < 200)","Right"
"Felix Millan","R",71,172,0.279,22,".276 - .300","Medium (> 170, < 200)","Right"
"Steve Garvey","R",70,192,0.294,272,".276 - .300","Medium (> 170, < 200)","Right"
"Don Mincher","L",75,205,0.249,200,".226 - .250","Heavy (> 200)","Left"
"Tony Cloninger","R",72,210,0.192,11,".176 - .200","Heavy (> 200)","Right"
"Jim Gosger","L",71,185,0.226,30,".226 - .250","Medium (> 170, < 200)","Left"
"Chuck Harrison","R",70,185,0.238,17,".226 - .250","Medium (> 170, < 200)","Right"
"Mike Ivie","R",75,205,0.269,81,".251 - .275","Heavy (> 200)","Right"
"Marvell Wynne","L",71,175,0.247,40,".226 - .250","Medium (> 170, < 200)","Left"
"Dusty Baker","R",74,183,0.278,242,".276 - .300","Medium (> 170, < 200)","Right"
"Tucker Ashford","R",73,195,0.218,6,".201 - .225","Medium (> 170, < 200)","Right"
"Ned Yost","R",73,190,0.212,16,".201 - .225","Medium (> 170, < 200)","Right"
"Bob Stinson","B",71,180,0.25,33,".226 - .250","Medium (> 170, < 200)","Switch"
"Gaylord Perry","R",76,205,0.131,6,".126 - .150","Heavy (> 200)","Right"
"Dave Marshall","L",73,182,0.246,16,".226 - .250","Medium (> 170, < 200)","Left"
"Mickey Hatcher","R",74,200,0.28,38,".276 - .300","Heavy (> 200)","Right"
"Roger Repoz","L",75,190,0.224,82,".201 - .225","Medium (> 170, < 200)","Left"
"John Orsino","R",75,215,0.249,40,".226 - .250","Heavy (> 200)","Right"
"Johnny Briggs","L",73,190,0.253,139,".251 - .275","Medium (> 170, < 200)","Left"
"Dave Hostetler","R",76,215,0.229,37,".226 - .250","Heavy (> 200)","Right"
"Bob Jones","L",74,195,0.221,20,".201 - .225","Medium (> 170, < 200)","Left"
"Keith Hernandez","L",72,180,0.296,162,".276 - .300","Medium (> 170, < 200)","Left"
"Willie Upshaw","L",72,185,0.262,123,".251 - .275","Medium (> 170, < 200)","Left"
"Dick Green","R",70,180,0.24,80,".226 - .250","Medium (> 170, < 200)","Right"
"Dane Iorg","L",72,180,0.276,14,".276 - .300","Medium (> 170, < 200)","Left"
"Richie Hebner","L",73,195,0.276,203,".276 - .300","Medium (> 170, < 200)","Left"
"Fran Healy","R",77,220,0.25,20,".226 - .250","Heavy (> 200)","Right"
"Doc Edwards","R",74,215,0.238,15,".226 - .250","Heavy (> 200)","Right"
"Sandy Alomar","B",69,140,0.245,13,".226 - .250","Light (< 170)","Switch"
"Joe Strain","R",70,169,0.25,1,".226 - .250","Light (< 170)","Right"
"Gene Richards","L",72,175,0.29,26,".276 - .300","Medium (> 170, < 200)","Left"
"Buddy Bell","R",73,180,0.279,201,".276 - .300","Medium (> 170, < 200)","Right"
"Al Woods","L",75,190,0.271,35,".251 - .275","Medium (> 170, < 200)","Left"
"Rudy Law","L",73,165,0.271,18,".251 - .275","Light (< 170)","Left"
"Jody Davis","R",76,192,0.245,127,".226 - .250","Medium (> 170, < 200)","Right"
"Mike Edwards","R",70,154,0.25,2,".226 - .250","Light (< 170)","Right"
"Deron Johnson","R",74,200,0.244,245,".226 - .250","Heavy (> 200)","Right"
"Don Wert","R",70,162,0.242,77,".226 - .250","Light (< 170)","Right"
"Mike Fiore","L",72,175,0.227,13,".226 - .250","Medium (> 170, < 200)","Left"
"Miguel Dilone","B",72,160,0.265,6,".251 - .275","Light (< 170)","Switch"
"Greg Luzinski","R",73,220,0.276,307,".276 - .300","Heavy (> 200)","Right"
"Bobby Tolan","L",71,170,0.265,86,".251 - .275","Medium (> 170, < 200)","Left"
"Ron Woods","R",70,168,0.233,26,".226 - .250","Light (< 170)","Right"
"Tony Horton","R",75,210,0.268,76,".251 - .275","Heavy (> 200)","Right"
"Randy Hundley","R",71,170,0.236,82,".226 - .250","Medium (> 170, < 200)","Right"
"Jose Tartabull","L",71,165,0.261,2,".251 - .275","Light (< 170)","Left"
"Ben Oglivie","L",74,160,0.273,235,".251 - .275","Light (< 170)","Left"
"Bob Johnson","R",70,175,0.272,44,".251 - .275","Medium (> 170, < 200)","Right"
"Don Buford","B",67,160,0.264,93,".251 - .275","Light (< 170)","Switch"
"Duane Kuiper","L",72,175,0.271,1,".251 - .275","Medium (> 170, < 200)","Left"
"Brant Alyea","R",75,215,0.247,38,".226 - .250","Heavy (> 200)","Right"
"Jerry Narron","L",75,205,0.211,21,".201 - .225","Heavy (> 200)","Left"
"Lou Johnson","R",71,170,0.258,48,".251 - .275","Medium (> 170, < 200)","Right"
"Ken Retzer","L",72,185,0.264,14,".251 - .275","Medium (> 170, < 200)","Left"
"Mike Brown","R",74,195,0.265,23,".251 - .275","Medium (> 170, < 200)","Right"
"Greg Walker","L",75,205,0.26,113,".251 - .275","Heavy (> 200)","Left"
"Terry Harper","R",76,195,0.253,36,".251 - .275","Medium (> 170, < 200)","Right"
"Jerry Royster","R",72,165,0.249,40,".226 - .250","Light (< 170)","Right"
"Barry Bonnell","R",75,190,0.272,56,".251 - .275","Medium (> 170, < 200)","Right"
"Tom Seaver","R",73,195,0.154,12,".151 - .175","Medium (> 170, < 200)","Right"
"Jerry Martin","R",73,195,0.251,85,".251 - .275","Medium (> 170, < 200)","Right"
"Bill Stein","R",70,170,0.267,44,".251 - .275","Medium (> 170, < 200)","Right"
"Joel Youngblood","R",72,180,0.265,80,".251 - .275","Medium (> 170, < 200)","Right"
"Reggie Jackson","L",72,195,0.262,563,".251 - .275","Medium (> 170, < 200)","Left"
"Sonny Jackson","L",69,150,0.251,7,".251 - .275","Light (< 170)","Left"
"Rodney Scott","B",72,160,0.236,3,".226 - .250","Light (< 170)","Switch"
"Rich Coggins","L",68,170,0.265,12,".251 - .275","Medium (> 170, < 200)","Left"
"Phil Gagliano","R",73,180,0.238,14,".226 - .250","Medium (> 170, < 200)","Right"
"Jerry McNertney","R",72,180,0.237,27,".226 - .250","Medium (> 170, < 200)","Right"
"Mitchell Page","L",74,205,0.266,72,".251 - .275","Heavy (> 200)","Left"
"Kiko Garcia","R",71,180,0.239,12,".226 - .250","Medium (> 170, < 200)","Right"
"Larry Milbourne","B",72,161,0.254,11,".251 - .275","Light (< 170)","Switch"
"Bill Sudakis","B",73,190,0.234,59,".226 - .250","Medium (> 170, < 200)","Switch"
"Domingo Ramos","R",70,154,0.24,8,".226 - .250","Light (< 170)","Right"
"Ron Oester","B",74,185,0.265,42,".251 - .275","Medium (> 170, < 200)","Switch"
"Glenn Adams","L",73,180,0.28,34,".276 - .300","Medium (> 170, < 200)","Left"
"Joe Morgan","L",67,160,0.271,268,".251 - .275","Light (< 170)","Left"
"R.J. Reynolds","B",72,190,0.267,35,".251 - .275","Medium (> 170, < 200)","Switch"
"Lee Thomas","L",74,195,0.255,106,".251 - .275","Medium (> 170, < 200)","Left"
"Ray Fosse","R",74,215,0.256,61,".251 - .275","Heavy (> 200)","Right"
"Paul Popovich","B",72,175,0.233,14,".226 - .250","Medium (> 170, < 200)","Switch"
"John Stephenson","L",71,180,0.216,12,".201 - .225","Medium (> 170, < 200)","Left"
"Doug Clemens","L",72,180,0.229,12,".226 - .250","Medium (> 170, < 200)","Left"
"Orlando Mercado","R",72,180,0.199,7,".176 - .200","Medium (> 170, < 200)","Right"
"Charley Smith","R",73,170,0.239,69,".226 - .250","Medium (> 170, < 200)","Right"
"Buddy Biancalana","B",71,160,0.205,6,".201 - .225","Light (< 170)","Switch"
"Bob Uecker","R",73,190,0.2,14,".176 - .200","Medium (> 170, < 200)","Right"
"Felix Torres","R",71,165,0.254,27,".251 - .275","Light (< 170)","Right"
"Steve Braun","L",70,180,0.271,52,".251 - .275","Medium (> 170, < 200)","Left"
"Ray Knight","R",73,185,0.271,84,".251 - .275","Medium (> 170, < 200)","Right"
"Ty Cline","L",72,170,0.238,6,".226 - .250","Medium (> 170, < 200)","Left"
"Thad Bosley","L",75,175,0.272,20,".251 - .275","Medium (> 170, < 200)","Left"
"Bobby Grich","R",74,180,0.266,224,".251 - .275","Medium (> 170, < 200)","Right"
"Jimmie Hall","L",72,175,0.254,121,".251 - .275","Medium (> 170, < 200)","Left"
"John Boccabella","R",73,195,0.219,26,".201 - .225","Medium (> 170, < 200)","Right"
"Brock Davis","L",70,160,0.26,1,".251 - .275","Light (< 170)","Left"
"Curt Blefary","L",74,195,0.237,112,".226 - .250","Medium (> 170, < 200)","Left"
"Mack Jones","L",73,180,0.252,133,".251 - .275","Medium (> 170, < 200)","Left"
"Buddy Bradford","R",71,170,0.226,52,".226 - .250","Medium (> 170, < 200)","Right"
"Hosken Powell","L",73,175,0.259,17,".251 - .275","Medium (> 170, < 200)","Left"
"Dave Stapleton","R",73,178,0.271,41,".251 - .275","Medium (> 170, < 200)","Right"
"Gary Ward","R",74,195,0.276,130,".276 - .300","Medium (> 170, < 200)","Right"
"Jim Lonborg","R",77,200,0.136,3,".126 - .150","Heavy (> 200)","Right"
"Joe Lis","R",72,175,0.233,32,".226 - .250","Medium (> 170, < 200)","Right"
"Dan Meyer","L",71,180,0.253,86,".251 - .275","Medium (> 170, < 200)","Left"
"Jim Holt","L",72,180,0.265,19,".251 - .275","Medium (> 170, < 200)","Left"
"Larry Herndon","R",75,190,0.274,107,".251 - .275","Medium (> 170, < 200)","Right"
"Wallace Johnson","B",72,173,0.255,5,".251 - .275","Medium (> 170, < 200)","Switch"
"Eddie Leon","R",72,170,0.236,24,".226 - .250","Medium (> 170, < 200)","Right"
"Jim Wohlford","R",71,175,0.26,21,".251 - .275","Medium (> 170, < 200)","Right"
"J.R. Richard","R",80,222,0.168,10,".151 - .175","Heavy (> 200)","Right"
"Bill Voss","L",74,160,0.227,19,".226 - .250","Light (< 170)","Left"
"Keith Moreland","R",72,190,0.279,121,".276 - .300","Medium (> 170, < 200)","Right"
"Alex Johnson","R",72,205,0.288,78,".276 - .300","Heavy (> 200)","Right"
"Wayne Krenchicki","L",73,180,0.266,15,".251 - .275","Medium (> 170, < 200)","Left"
"Dave Rosello","R",71,160,0.236,10,".226 - .250","Light (< 170)","Right"
"Paul Schaal","R",71,165,0.244,57,".226 - .250","Light (< 170)","Right"
"Tito Landrum","R",71,175,0.249,13,".226 - .250","Medium (> 170, < 200)","Right"
"Dave Edwards","R",72,170,0.237,14,".226 - .250","Medium (> 170, < 200)","Right"
"Mario Guerrero","R",70,155,0.257,7,".251 - .275","Light (< 170)","Right"
"Tom Tresh","B",73,180,0.245,153,".226 - .250","Medium (> 170, < 200)","Switch"
"Ron Roenicke","B",72,180,0.238,17,".226 - .250","Medium (> 170, < 200)","Switch"
"Doug Griffin","R",72,160,0.245,7,".226 - .250","Light (< 170)","Right"
"Steve Blass","R",72,165,0.172,1,".151 - .175","Light (< 170)","Right"
"Johnnie LeMaster","R",74,165,0.222,22,".201 - .225","Light (< 170)","Right"
"Nate Oliver","R",70,160,0.226,2,".226 - .250","Light (< 170)","Right"
"Ray Sadecki","L",71,180,0.191,5,".176 - .200","Medium (> 170, < 200)","Left"
"Ken Rudolph","R",73,180,0.213,6,".201 - .225","Medium (> 170, < 200)","Right"
"Wayne Nordhagen","R",74,205,0.282,39,".276 - .300","Heavy (> 200)","Right"
"Biff Pocoroba","B",70,175,0.257,21,".251 - .275","Medium (> 170, < 200)","Switch"
"Len Matuszek","L",74,190,0.234,30,".226 - .250","Medium (> 170, < 200)","Left"
"Joe Lefebvre","L",70,170,0.258,31,".251 - .275","Medium (> 170, < 200)","Left"
"Jim Maloney","L",74,190,0.201,7,".201 - .225","Medium (> 170, < 200)","Left"
"Andre Robertson","R",70,155,0.251,5,".251 - .275","Light (< 170)","Right"
"Jerry Zimmerman","R",74,185,0.204,3,".201 - .225","Medium (> 170, < 200)","Right"
"Chet Lemon","R",72,190,0.273,215,".251 - .275","Medium (> 170, < 200)","Right"
"Phil Mankowski","L",72,180,0.264,8,".251 - .275","Medium (> 170, < 200)","Left"
"Cleon Jones","R",72,185,0.281,93,".276 - .300","Medium (> 170, < 200)","Right"
"Joaquin Andujar","B",72,170,0.127,5,".126 - .150","Medium (> 170, < 200)","Switch"
"Mike Lum","L",72,180,0.247,90,".226 - .250","Medium (> 170, < 200)","Left"
"Johnny Grubb","L",75,175,0.278,99,".276 - .300","Medium (> 170, < 200)","Left"
"Curt Motton","R",68,164,0.213,25,".201 - .225","Light (< 170)","Right"
"Johnny Bench","R",73,197,0.267,389,".251 - .275","Medium (> 170, < 200)","Right"
"Dale Berra","R",72,180,0.236,49,".226 - .250","Medium (> 170, < 200)","Right"
"Bob Meacham","B",73,175,0.236,8,".226 - .250","Medium (> 170, < 200)","Switch"
"Carl Warwick","R",70,170,0.248,31,".226 - .250","Medium (> 170, < 200)","Right"
"Sam Bowens","R",73,188,0.223,45,".201 - .225","Medium (> 170, < 200)","Right"
"George Wright","B",71,180,0.245,42,".226 - .250","Medium (> 170, < 200)","Switch"
"Luis Aguayo","R",69,173,0.236,37,".226 - .250","Medium (> 170, < 200)","Right"
"Hal Lanier","R",74,180,0.228,8,".226 - .250","Medium (> 170, < 200)","Right"
"Len Randle","B",70,169,0.257,27,".251 - .275","Light (< 170)","Switch"
"Greg Pryor","R",72,180,0.25,14,".226 - .250","Medium (> 170, < 200)","Right"
"Jim Traber","L",72,194,0.227,27,".226 - .250","Medium (> 170, < 200)","Left"
"Dave Nelson","R",70,160,0.244,20,".226 - .250","Light (< 170)","Right"
"Lynn Jones","R",69,175,0.252,7,".251 - .275","Medium (> 170, < 200)","Right"
"Bryan Little","B",70,160,0.245,3,".226 - .250","Light (< 170)","Switch"
"Ken Suarez","R",69,175,0.227,5,".226 - .250","Medium (> 170, < 200)","Right"
"Rick Peters","B",69,170,0.277,2,".276 - .300","Medium (> 170, < 200)","Switch"
"Ron Stone","L",74,185,0.241,6,".226 - .250","Medium (> 170, < 200)","Left"
"Tommie Agee","R",71,195,0.255,130,".251 - .275","Medium (> 170, < 200)","Right"
"Bob Bailey","R",73,180,0.257,189,".251 - .275","Medium (> 170, < 200)","Right"
"Cap Peterson","R",74,195,0.23,19,".226 - .250","Medium (> 170, < 200)","Right"
"Ted Uhlaender","L",74,190,0.263,36,".251 - .275","Medium (> 170, < 200)","Left"
"Ted Simmons","B",71,193,0.285,248,".276 - .300","Medium (> 170, < 200)","Switch"
"Bobby Murcer","L",71,160,0.277,252,".276 - .300","Light (< 170)","Left"
"Dick Tracewski","R",71,160,0.213,8,".201 - .225","Light (< 170)","Right"
"Bill Nahorodny","R",74,200,0.241,25,".226 - .250","Heavy (> 200)","Right"
"Bill Madlock","R",71,180,0.305,163,".301 - .325","Medium (> 170, < 200)","Right"
"Bob Boone","R",74,195,0.254,105,".251 - .275","Medium (> 170, < 200)","Right"
"Steve Kemp","L",72,195,0.278,130,".276 - .300","Medium (> 170, < 200)","Left"
"Rick Burleson","R",70,165,0.273,50,".251 - .275","Light (< 170)","Right"
"Carl Taylor","R",74,200,0.266,10,".251 - .275","Heavy (> 200)","Right"
"Terry Harmon","R",74,180,0.233,4,".226 - .250","Medium (> 170, < 200)","Right"
"Mike Hargrove","L",72,195,0.29,80,".276 - .300","Medium (> 170, < 200)","Left"
"Steve Hovley","L",70,188,0.258,8,".251 - .275","Medium (> 170, < 200)","Left"
"Don Leppert","R",74,220,0.229,15,".226 - .250","Heavy (> 200)","Right"
"Lee May","R",75,195,0.267,354,".251 - .275","Medium (> 170, < 200)","Right"
"Sam McDowell","L",77,190,0.154,2,".151 - .175","Medium (> 170, < 200)","Left"
"Rick Renick","R",72,188,0.221,20,".201 - .225","Medium (> 170, < 200)","Right"
"Jeff Torborg","R",72,195,0.214,8,".201 - .225","Medium (> 170, < 200)","Right"
"Dave Campbell","R",73,180,0.213,20,".201 - .225","Medium (> 170, < 200)","Right"
"Pat Kelly","L",73,185,0.264,76,".251 - .275","Medium (> 170, < 200)","Left"
"Al Weis","B",72,160,0.219,7,".201 - .225","Light (< 170)","Switch"
"Jerry Turner","L",69,180,0.257,45,".251 - .275","Medium (> 170, < 200)","Left"
"Rick Auerbach","R",72,165,0.22,9,".201 - .225","Light (< 170)","Right"
"Don Wilson","R",74,195,0.146,1,".126 - .150","Medium (> 170, < 200)","Right"
"Sandy Valdespino","L",68,170,0.23,7,".226 - .250","Medium (> 170, < 200)","Left"
"Ken Phelps","L",73,209,0.239,123,".226 - .250","Heavy (> 200)","Left"
"Cesar Cedeno","R",74,175,0.285,199,".276 - .300","Medium (> 170, < 200)","Right"
"Phil Linz","R",73,180,0.235,11,".226 - .250","Medium (> 170, < 200)","Right"
"Manny Mota","R",70,160,0.304,31,".301 - .325","Light (< 170)","Right"
"Steve Renko","R",77,230,0.215,6,".201 - .225","Heavy (> 200)","Right"
"Rick Sofield","L",73,195,0.243,9,".226 - .250","Medium (> 170, < 200)","Left"
"Doug DeCinces","R",74,190,0.259,237,".251 - .275","Medium (> 170, < 200)","Right"
"John Castino","R",71,175,0.278,41,".276 - .300","Medium (> 170, < 200)","Right"
"Dave May","L",70,186,0.251,96,".251 - .275","Medium (> 170, < 200)","Left"
"Ron Washington","R",71,155,0.261,20,".251 - .275","Light (< 170)","Right"
"Billy Grabarkewitz","R",70,165,0.236,28,".226 - .250","Light (< 170)","Right"
"Willie Aikens","L",75,220,0.271,110,".251 - .275","Heavy (> 200)","Left"
"Earl Williams","R",75,215,0.247,138,".226 - .250","Heavy (> 200)","Right"
"Don Hahn","R",73,180,0.236,7,".226 - .250","Medium (> 170, < 200)","Right"
"Todd Cruz","R",72,175,0.22,34,".201 - .225","Medium (> 170, < 200)","Right"
"Tom Egan","R",76,218,0.2,22,".176 - .200","Heavy (> 200)","Right"
"Bob Heise","R",72,175,0.247,1,".226 - .250","Medium (> 170, < 200)","Right"
"Tommy Harper","R",69,165,0.257,146,".251 - .275","Light (< 170)","Right"
"Joe Wallis","B",71,180,0.244,16,".226 - .250","Medium (> 170, < 200)","Switch"
"Max Alvis","R",71,185,0.247,111,".226 - .250","Medium (> 170, < 200)","Right"
"Rico Carty","R",75,200,0.299,204,".276 - .300","Heavy (> 200)","Right"
"Mike Cubbage","L",72,180,0.258,34,".251 - .275","Medium (> 170, < 200)","Left"
"Merritt Ranew","L",71,170,0.247,8,".226 - .250","Medium (> 170, < 200)","Left"
"Lyman Bostock","L",73,180,0.311,23,".301 - .325","Medium (> 170, < 200)","Left"
"Damaso Garcia","R",73,165,0.283,36,".276 - .300","Light (< 170)","Right"
"Roy Howell","L",73,190,0.261,80,".251 - .275","Medium (> 170, < 200)","Left"
"Boog Powell","L",76,230,0.266,339,".251 - .275","Heavy (> 200)","Left"
"Sonny Siebert","R",75,190,0.173,12,".151 - .175","Medium (> 170, < 200)","Right"
"Bobby Darwin","R",74,190,0.251,83,".251 - .275","Medium (> 170, < 200)","Right"
"Dan Driessen","L",71,187,0.267,153,".251 - .275","Medium (> 170, < 200)","Left"
"Bruce Miller","R",73,185,0.246,1,".226 - .250","Medium (> 170, < 200)","Right"
"Bob Bailor","R",71,170,0.264,9,".251 - .275","Medium (> 170, < 200)","Right"
"Tommy Helms","R",70,165,0.269,34,".251 - .275","Light (< 170)","Right"
"Tony Armas","R",71,182,0.252,251,".251 - .275","Medium (> 170, < 200)","Right"
"Willie Horton","R",71,209,0.273,325,".251 - .275","Heavy (> 200)","Right"
"Lou Piniella","R",72,182,0.291,102,".276 - .300","Medium (> 170, < 200)","Right"
"Butch Hobson","R",73,193,0.248,98,".226 - .250","Medium (> 170, < 200)","Right"
"John Wathan","R",74,205,0.262,21,".251 - .275","Heavy (> 200)","Right"
"Hal King","L",73,200,0.214,24,".201 - .225","Heavy (> 200)","Left"
"Mike Krukow","R",77,205,0.193,5,".176 - .200","Heavy (> 200)","Right"
"Andres Mora","R",72,180,0.223,27,".201 - .225","Medium (> 170, < 200)","Right"
"Barry Foote","R",75,205,0.23,57,".226 - .250","Heavy (> 200)","Right"
"Ed Ott","L",70,190,0.259,33,".251 - .275","Medium (> 170, < 200)","Left"
"Alan Wiggins","B",74,160,0.259,5,".251 - .275","Light (< 170)","Switch"
"Ron Clark","R",70,175,0.189,5,".176 - .200","Medium (> 170, < 200)","Right"
"Julio Gotay","R",72,180,0.26,6,".251 - .275","Medium (> 170, < 200)","Right"
"Gary Alexander","R",74,195,0.23,55,".226 - .250","Medium (> 170, < 200)","Right"
"Andre Thornton","R",75,200,0.254,253,".251 - .275","Heavy (> 200)","Right"
"Bob Oliver","R",75,205,0.256,94,".251 - .275","Heavy (> 200)","Right"
"Bob Robertson","R",73,195,0.242,115,".226 - .250","Medium (> 170, < 200)","Right"
"Ollie Brown","R",74,178,0.265,102,".251 - .275","Medium (> 170, < 200)","Right"
"Frank Quilici","R",73,170,0.214,5,".201 - .225","Medium (> 170, < 200)","Right"
"Joe Pepitone","L",74,185,0.258,219,".251 - .275","Medium (> 170, < 200)","Left"
"Steve Barber","L",72,195,0.115,5,".100 - .125","Medium (> 170, < 200)","Left"
"Norm Miller","L",70,185,0.238,24,".226 - .250","Medium (> 170, < 200)","Left"
"Bob Chance","L",74,196,0.261,24,".251 - .275","Medium (> 170, < 200)","Left"
"Julio Cruz","B",69,165,0.237,23,".226 - .250","Light (< 170)","Switch"
"Bill Sample","R",69,175,0.272,46,".251 - .275","Medium (> 170, < 200)","Right"
"Craig Kusick","R",75,210,0.235,46,".226 - .250","Heavy (> 200)","Right"
"Rudy Meoli","L",69,165,0.212,2,".201 - .225","Light (< 170)","Left"
"Ruppert Jones","L",70,170,0.25,147,".226 - .250","Medium (> 170, < 200)","Left"
"Glenn Hoffman","R",73,175,0.242,23,".226 - .250","Medium (> 170, < 200)","Right"
"Russ Gibson","R",73,195,0.228,8,".226 - .250","Medium (> 170, < 200)","Right"
"Terry Francona","L",73,190,0.274,16,".251 - .275","Medium (> 170, < 200)","Left"
"John Bateman","R",75,210,0.23,81,".226 - .250","Heavy (> 200)","Right"
"Luis Pujols","R",74,175,0.193,6,".176 - .200","Medium (> 170, < 200)","Right"
"Joe Gaines","R",73,190,0.241,21,".226 - .250","Medium (> 170, < 200)","Right"
"Doug Rader","R",74,208,0.251,155,".251 - .275","Heavy (> 200)","Right"
"Mickey Stanley","R",73,185,0.248,117,".226 - .250","Medium (> 170, < 200)","Right"
"Phil Bradley","R",72,185,0.286,78,".276 - .300","Medium (> 170, < 200)","Right"
"Winston Llenas","R",70,165,0.23,3,".226 - .250","Light (< 170)","Right"
"Charlie Moore","R",71,180,0.261,36,".251 - .275","Medium (> 170, < 200)","Right"
"Ralph Garr","L",71,185,0.306,75,".301 - .325","Medium (> 170, < 200)","Left"
"Tommy John","R",75,180,0.157,5,".151 - .175","Medium (> 170, < 200)","Right"
"Bruce Benedict","R",73,175,0.242,18,".226 - .250","Medium (> 170, < 200)","Right"
"John Ellis","R",74,225,0.262,69,".251 - .275","Heavy (> 200)","Right"
"Wes Parker","B",73,180,0.267,64,".251 - .275","Medium (> 170, < 200)","Switch"
"David Green","R",75,170,0.268,31,".251 - .275","Medium (> 170, < 200)","Right"
"Reid Nichols","R",71,165,0.266,22,".251 - .275","Light (< 170)","Right"
"Rick Reichardt","R",75,210,0.261,116,".251 - .275","Heavy (> 200)","Right"
"Luis Tiant","R",72,180,0.164,5,".151 - .175","Medium (> 170, < 200)","Right"
"Broderick Perkins","L",70,180,0.271,8,".251 - .275","Medium (> 170, < 200)","Left"
"Leon Roberts","R",75,200,0.267,78,".251 - .275","Heavy (> 200)","Right"
"Ray Burris","R",77,200,0.151,1,".151 - .175","Heavy (> 200)","Right"
"Len Gabrielson","L",76,210,0.253,37,".251 - .275","Heavy (> 200)","Left"
"Johnny Edwards","L",76,220,0.242,81,".226 - .250","Heavy (> 200)","Left"
"Tom Grieve","R",74,190,0.249,65,".226 - .250","Medium (> 170, < 200)","Right"
"Bob Forsch","R",76,200,0.213,12,".201 - .225","Heavy (> 200)","Right"
"Danny Cater","R",72,170,0.276,66,".276 - .300","Medium (> 170, < 200)","Right"
"Bill Schroeder","R",74,200,0.24,61,".226 - .250","Heavy (> 200)","Right"
"Clay Dalrymple","L",72,190,0.233,55,".226 - .250","Medium (> 170, < 200)","Left"
"Carlos May","L",71,200,0.274,90,".251 - .275","Heavy (> 200)","Left"
"Reggie Smith","B",72,180,0.287,314,".276 - .300","Medium (> 170, < 200)","Switch"
"Davey Johnson","R",73,170,0.261,136,".251 - .275","Medium (> 170, < 200)","Right"
"Ellis Valentine","R",76,205,0.278,123,".276 - .300","Heavy (> 200)","Right"
"Roy White","B",70,160,0.271,160,".251 - .275","Light (< 170)","Switch"
"Mike Brumley","L",70,195,0.229,5,".226 - .250","Medium (> 170, < 200)","Left"
"Al Luplow","L",70,175,0.235,33,".226 - .250","Medium (> 170, < 200)","Left"
"Dick Allen","R",71,187,0.292,351,".276 - .300","Medium (> 170, < 200)","Right"
"Doug Ault","R",75,200,0.236,17,".226 - .250","Heavy (> 200)","Right"
"Mark Wagner","R",72,165,0.243,3,".226 - .250","Light (< 170)","Right"
"Willie Stargell","L",74,188,0.282,475,".276 - .300","Medium (> 170, < 200)","Left"
"Steve Carlton","L",76,210,0.201,13,".201 - .225","Heavy (> 200)","Left"
"Jake Wood","R",73,163,0.25,35,".226 - .250","Light (< 170)","Right"
"Del Unser","L",73,180,0.258,87,".251 - .275","Medium (> 170, < 200)","Left"
"Bob Brower","R",71,185,0.242,17,".226 - .250","Medium (> 170, < 200)","Right"
"Ray Culp","R",72,200,0.123,1,".100 - .125","Heavy (> 200)","Right"
"Ivan Murrell","R",74,195,0.236,33,".226 - .250","Medium (> 170, < 200)","Right"
"Lee Mazzilli","B",73,180,0.259,93,".251 - .275","Medium (> 170, < 200)","Switch"
"Garth Iorg","R",71,170,0.258,20,".251 - .275","Medium (> 170, < 200)","Right"
"Alan Ashby","B",74,185,0.245,90,".226 - .250","Medium (> 170, < 200)","Switch"
"Bob Brenly","R",74,210,0.247,91,".226 - .250","Heavy (> 200)","Right"
"Ron Blomberg","L",73,195,0.293,52,".276 - .300","Medium (> 170, < 200)","Left"
"Jim Rooker","R",72,195,0.201,7,".201 - .225","Medium (> 170, < 200)","Right"
"Tim Blackwell","B",71,170,0.228,6,".226 - .250","Medium (> 170, < 200)","Switch"
"Jerry Morales","R",70,155,0.259,95,".251 - .275","Light (< 170)","Right"
"Davey Lopes","R",69,170,0.263,155,".251 - .275","Medium (> 170, < 200)","Right"
"Catfish Hunter","R",72,190,0.226,6,".226 - .250","Medium (> 170, < 200)","Right"
"Mario Soto","R",72,174,0.132,1,".126 - .150","Medium (> 170, < 200)","Right"
"Jimmy Wynn","R",70,160,0.25,291,".226 - .250","Light (< 170)","Right"
"Hank Allen","R",72,190,0.241,6,".226 - .250","Medium (> 170, < 200)","Right"
"Jim Fregosi","R",73,190,0.265,151,".251 - .275","Medium (> 170, < 200)","Right"
"Pepe Frias","R",70,159,0.24,1,".226 - .250","Light (< 170)","Right"
"Mike Schmidt","R",74,195,0.267,548,".251 - .275","Medium (> 170, < 200)","Right"
"Willie Montanez","L",72,170,0.275,139,".251 - .275","Medium (> 170, < 200)","Left"
"Rey Quinones","R",71,160,0.243,29,".226 - .250","Light (< 170)","Right"
"Mike Squires","L",71,185,0.26,6,".251 - .275","Medium (> 170, < 200)","Left"
"Champ Summers","L",74,205,0.255,54,".251 - .275","Heavy (> 200)","Left"
"Bert Campaneris","R",70,160,0.259,79,".251 - .275","Light (< 170)","Right"
"Bobby Valentine","R",70,189,0.26,12,".251 - .275","Medium (> 170, < 200)","Right"
"Rob Andrews","R",72,185,0.251,3,".251 - .275","Medium (> 170, < 200)","Right"
"Tom Haller","L",76,195,0.257,134,".251 - .275","Medium (> 170, < 200)","Left"
"Ed Stroud","L",71,180,0.237,14,".226 - .250","Medium (> 170, < 200)","Left"
"Ron Swoboda","R",74,195,0.242,73,".226 - .250","Medium (> 170, < 200)","Right"
"Harry Spilman","L",73,180,0.237,18,".226 - .250","Medium (> 170, < 200)","Left"
"Bob Barton","R",72,175,0.226,9,".226 - .250","Medium (> 170, < 200)","Right"
"Daryl Sconiers","L",74,185,0.265,15,".251 - .275","Medium (> 170, < 200)","Left"
"Joe Torre","R",74,212,0.297,252,".276 - .300","Heavy (> 200)","Right"
"Al Ferrara","R",73,200,0.259,51,".251 - .275","Heavy (> 200)","Right"
"Sixto Lezcano","R",70,165,0.271,148,".251 - .275","Light (< 170)","Right"
"Dave Nicholson","R",74,215,0.212,61,".201 - .225","Heavy (> 200)","Right"
"Freddie Patek","R",65,148,0.242,41,".226 - .250","Light (< 170)","Right"
"Ken Hubbs","R",74,175,0.247,14,".226 - .250","Medium (> 170, < 200)","Right"
"Pepe Mangual","R",70,157,0.242,16,".226 - .250","Light (< 170)","Right"
"Leron Lee","L",72,196,0.25,31,".226 - .250","Medium (> 170, < 200)","Left"
"Steve Ontiveros","B",72,185,0.274,24,".251 - .275","Medium (> 170, < 200)","Switch"
"Willie Davis","L",74,180,0.279,182,".276 - .300","Medium (> 170, < 200)","Left"
"Tom Lawless","R",71,170,0.207,2,".201 - .225","Medium (> 170, < 200)","Right"
"Jerry Moses","R",75,210,0.251,25,".251 - .275","Heavy (> 200)","Right"
"Bobby Bonds","R",73,190,0.268,332,".251 - .275","Medium (> 170, < 200)","Right"
"Dave McNally","R",71,185,0.133,9,".126 - .150","Medium (> 170, < 200)","Right"
"Darrell Brown","B",72,184,0.274,1,".251 - .275","Medium (> 170, < 200)","Switch"
"Roy Foster","R",72,185,0.253,45,".251 - .275","Medium (> 170, < 200)","Right"
"Denis Menke","R",72,185,0.25,101,".226 - .250","Medium (> 170, < 200)","Right"
"Hal Breeden","R",74,200,0.243,21,".226 - .250","Heavy (> 200)","Right"
"Manny Trillo","R",73,150,0.263,61,".251 - .275","Light (< 170)","Right"
"Jackie Gutierrez","R",71,175,0.237,4,".226 - .250","Medium (> 170, < 200)","Right"
"Jerry Kenney","L",73,170,0.237,7,".226 - .250","Medium (> 170, < 200)","Left"
"Fred Kendall","R",73,185,0.234,31,".226 - .250","Medium (> 170, < 200)","Right"
"Mike Anderson","R",74,200,0.246,28,".226 - .250","Heavy (> 200)","Right"
"Joe Charboneau","R",74,205,0.266,29,".251 - .275","Heavy (> 200)","Right"
"Jimmie Schaffer","R",69,170,0.223,11,".201 - .225","Medium (> 170, < 200)","Right"
"Junior Kennedy","R",71,175,0.248,4,".226 - .250","Medium (> 170, < 200)","Right"
"Wilbur Howard","B",74,170,0.25,6,".226 - .250","Medium (> 170, < 200)","Switch"
"Rod Gilbreath","R",74,180,0.248,14,".226 - .250","Medium (> 170, < 200)","Right"
"Mark Brouhard","R",73,210,0.259,25,".251 - .275","Heavy (> 200)","Right"
"Mike Young","B",74,195,0.247,72,".226 - .250","Medium (> 170, < 200)","Switch"
"Chris Speier","R",73,175,0.246,112,".226 - .250","Medium (> 170, < 200)","Right"
"Gene Michael","B",74,183,0.229,15,".226 - .250","Medium (> 170, < 200)","Switch"
"Vic Harris","B",71,165,0.217,13,".201 - .225","Light (< 170)","Switch"
"Mike Fischlin","R",73,165,0.22,3,".201 - .225","Light (< 170)","Right"
"Don Money","R",73,170,0.261,176,".251 - .275","Medium (> 170, < 200)","Right"
"Joe Rudi","R",74,200,0.264,179,".251 - .275","Heavy (> 200)","Right"
"Jim Rice","R",74,200,0.298,382,".276 - .300","Heavy (> 200)","Right"
"Gil Garrido","R",69,150,0.237,1,".226 - .250","Light (< 170)","Right"
"Marty Perez","R",71,160,0.246,22,".226 - .250","Light (< 170)","Right"
"Tom Matchick","L",73,173,0.215,4,".201 - .225","Medium (> 170, < 200)","Left"
"Jack Perconte","L",70,160,0.27,2,".251 - .275","Light (< 170)","Left"
"Ed Kirkpatrick","L",71,195,0.238,85,".226 - .250","Medium (> 170, < 200)","Left"
"Jerry Grote","R",70,185,0.252,39,".251 - .275","Medium (> 170, < 200)","Right"
"Ellie Hendricks","L",73,175,0.22,62,".201 - .225","Medium (> 170, < 200)","Left"
"Jim Beauchamp","R",74,190,0.231,14,".226 - .250","Medium (> 170, < 200)","Right"
"Tito Fuentes","B",71,175,0.268,45,".251 - .275","Medium (> 170, < 200)","Switch"
"Ron Brand","R",67,167,0.239,3,".226 - .250","Light (< 170)","Right"
"Leo Cardenas","R",71,150,0.257,118,".251 - .275","Light (< 170)","Right"
"Art Shamsky","L",73,168,0.253,68,".251 - .275","Light (< 170)","Left"
"Ron Cey","R",70,185,0.261,316,".251 - .275","Medium (> 170, < 200)","Right"
"Skip Jutze","R",71,190,0.215,3,".201 - .225","Medium (> 170, < 200)","Right"
"Butch Wynegar","B",73,190,0.255,65,".251 - .275","Medium (> 170, < 200)","Switch"
"Ron LeFlore","R",72,200,0.288,59,".276 - .300","Heavy (> 200)","Right"
"Bill Russell","R",72,175,0.263,46,".251 - .275","Medium (> 170, < 200)","Right"
"Gene Tenace","R",72,190,0.241,201,".226 - .250","Medium (> 170, < 200)","Right"
"Bubba Morton","R",70,175,0.267,14,".251 - .275","Medium (> 170, < 200)","Right"
"Ellie Rodriguez","R",71,185,0.245,16,".226 - .250","Medium (> 170, < 200)","Right"
"Darrel Chaney","B",74,188,0.217,14,".201 - .225","Medium (> 170, < 200)","Switch"
"Dick Nen","L",74,200,0.224,21,".201 - .225","Heavy (> 200)","Left"
"Bill Freehan","R",75,203,0.262,200,".251 - .275","Heavy (> 200)","Right"
"Steve Nicosia","R",70,185,0.248,11,".226 - .250","Medium (> 170, < 200)","Right"
"Ted Savage","R",73,185,0.233,34,".226 - .250","Medium (> 170, < 200)","Right"
"Pete Mackanin","R",74,190,0.226,30,".226 - .250","Medium (> 170, < 200)","Right"
"Rich Dauer","R",72,180,0.257,43,".251 - .275","Medium (> 170, < 200)","Right"
"Rowland Office","L",72,170,0.259,32,".251 - .275","Medium (> 170, < 200)","Left"
"Rick Leach","L",73,180,0.268,18,".251 - .275","Medium (> 170, < 200)","Left"
"Dwayne Murphy","L",73,185,0.246,166,".226 - .250","Medium (> 170, < 200)","Left"
"Larry Harlow","L",74,185,0.248,12,".226 - .250","Medium (> 170, < 200)","Left"
"Mike Epstein","L",75,230,0.244,130,".226 - .250","Heavy (> 200)","Left"
"Jerry Mumphrey","B",74,185,0.289,70,".276 - .300","Medium (> 170, < 200)","Switch"
"Glenn Beckert","R",73,190,0.283,22,".276 - .300","Medium (> 170, < 200)","Right"
"Ron Davis","R",72,175,0.233,10,".226 - .250","Medium (> 170, < 200)","Right"
"Mike Shannon","R",75,195,0.255,68,".251 - .275","Medium (> 170, < 200)","Right"
"Jason Thompson","L",76,200,0.261,208,".251 - .275","Heavy (> 200)","Left"
"Wayne Tolleson","B",69,160,0.241,9,".226 - .250","Light (< 170)","Switch"
"Mike Jorgensen","L",72,195,0.243,95,".226 - .250","Medium (> 170, < 200)","Left"
"Ed Romero","R",71,160,0.247,8,".226 - .250","Light (< 170)","Right"
"Rick Joseph","R",73,192,0.243,13,".226 - .250","Medium (> 170, < 200)","Right"
"Cecil Cooper","L",74,165,0.298,241,".276 - .300","Light (< 170)","Left"
"Bill Almon","R",75,180,0.254,36,".251 - .275","Medium (> 170, < 200)","Right"
"Joe Ferguson","R",74,200,0.24,122,".226 - .250","Heavy (> 200)","Right"
"Jerry Terrell","R",71,165,0.253,4,".251 - .275","Light (< 170)","Right"
"Dave Revering","L",76,210,0.265,62,".251 - .275","Heavy (> 200)","Left"
"Curt Ford","L",70,150,0.245,7,".226 - .250","Light (< 170)","Left"
"Jerry Dybzinski","R",74,180,0.234,3,".226 - .250","Medium (> 170, < 200)","Right"
"Bob Burda","L",71,174,0.224,13,".201 - .225","Medium (> 170, < 200)","Left"
"Jesse Gonder","L",70,180,0.251,26,".251 - .275","Medium (> 170, < 200)","Left"
"Gary Sutherland","R",72,185,0.243,24,".226 - .250","Medium (> 170, < 200)","Right"
"Bob Coluccio","R",71,183,0.22,26,".201 - .225","Medium (> 170, < 200)","Right"
"Dave Rader","L",71,165,0.257,30,".251 - .275","Light (< 170)","Left"
"Ron Gardenhire","R",72,175,0.232,4,".226 - .250","Medium (> 170, < 200)","Right"
"Bill Sharp","L",70,178,0.255,9,".251 - .275","Medium (> 170, < 200)","Left"
"Alan Bannister","R",71,170,0.27,19,".251 - .275","Medium (> 170, < 200)","Right"
"Bob Watson","R",72,201,0.295,184,".276 - .300","Heavy (> 200)","Right"
"Ken Harrelson","R",74,190,0.239,131,".226 - .250","Medium (> 170, < 200)","Right"
"Bobby Wine","R",73,187,0.215,30,".201 - .225","Medium (> 170, < 200)","Right"
"John Kennedy","R",72,185,0.225,32,".201 - .225","Medium (> 170, < 200)","Right"
"Chico Ruiz","B",72,169,0.24,2,".226 - .250","Light (< 170)","Switch"
"Gail Hopkins","L",70,198,0.266,25,".251 - .275","Medium (> 170, < 200)","Left"
"Doug Frobel","L",76,196,0.201,20,".201 - .225","Medium (> 170, < 200)","Left"
"Luis Melendez","R",72,165,0.248,9,".226 - .250","Light (< 170)","Right"
"Bill Plummer","R",73,190,0.188,14,".176 - .200","Medium (> 170, < 200)","Right"
"Buck Rodgers","B",74,190,0.232,31,".226 - .250","Medium (> 170, < 200)","Switch"
"Phil Niekro","R",73,180,0.169,7,".151 - .175","Medium (> 170, < 200)","Right"
"Tom Poquette","L",70,175,0.268,10,".251 - .275","Medium (> 170, < 200)","Left"
"Brian Asselstine","L",73,175,0.254,12,".251 - .275","Medium (> 170, < 200)","Left"
"Rick Miller","L",72,175,0.269,28,".251 - .275","Medium (> 170, < 200)","Left"
"Ed Charles","R",70,170,0.263,86,".251 - .275","Medium (> 170, < 200)","Right"
"Floyd Rayford","R",70,190,0.244,38,".226 - .250","Medium (> 170, < 200)","Right"
"Tony Conigliaro","R",75,185,0.264,166,".251 - .275","Medium (> 170, < 200)","Right"
"Jim Barr","R",75,205,0.162,1,".151 - .175","Heavy (> 200)","Right"
"Jerry Remy","L",69,165,0.275,7,".251 - .275","Light (< 170)","Left"
"Frank Duffy","R",73,180,0.232,26,".226 - .250","Medium (> 170, < 200)","Right"
"Tom O'Malley","L",72,180,0.256,13,".251 - .275","Medium (> 170, < 200)","Left"
"Phil Garner","R",70,175,0.26,109,".251 - .275","Medium (> 170, < 200)","Right"
